case_id,risk_1,risk_2,risk_4,repair_profile
case_b5e5a807f835b08e5618,0.5,0.5,0.5,"[0.25,0.25,0.25,0.25]"
case_94a15d835ba9a04d7a80,0.5,0.5,0.5,"[0.25,0.25,0.25,0.25]"
case_67593c266cb99b81ec20,0.5,0.5,0.5,"[0.25,0.25,0.25,0.25]"
case_73e55cc14ee35a5484d8,0.5,0.5,0.5,"[0.25,0.25,0.25,0.25]"
case_0a7e9699e2d60129ca29,0.5,0.5,0.5,"[0.25,0.25,0.25,0.25]"
case_d073307e40b123db689e,0.5,0.5,0.5,"[0.25,0.25,0.25,0.25]"
case_323580c5e672e3019d61,0.5,0.5,0.5,"[0.25,0.25,0.25,0.25]"
case_95f2e7fa4e1a13617634,0.5,0.5,0.5,"[0.25,0.25,0.25,0.25]"
case_349e90f01d2dc2d756fe,0.5,0.5,0.5,"[0.25,0.25,0.25,0.25]"
case_4f35229dad45457fdfbb,0.5,0.5,0.5,"[0.25,0.25,0.25,0.25]"
case_d4af9dcbfeeea6ebb567,0.5,0.5,0.5,"[0.25,0.25,0.25,0.25]"
case_78d2b87104e4197ba804,0.5,0.5,0.5,"[0.25,0.25,0.25,0.25]"
case_5b5d5aa25073438cba4d,0.5,0.5,0.5,"[0.25,0.25,0.25,0.25]"
case_a9dbda11cddc3d47430c,0.5,0.5,0.5,"[0.25,0.25,0.25,0.25]"
case_6098c58f3cc2dde603b4,0.5,0.5,0.5,"[0.25,0.25,0.25,0.25]"
case_a05b49700695c8bb6450,0.5,0.5,0.5,"[0.25,0.25,0.25,0.25]"
case_f1f3c94be9416a794e9e,0.5,0.5,0.5,"[0.25,0.25,0.25,0.25]"
case_d792116b8cff1188da0f,0.5,0.5,0.5,"[0.25,0.25,0.25,0.25]"
case_3f719fdaec1769c94033,0.5,0.5,0.5,"[0.25,0.25,0.25,0.25]"
case_f907b7bf46bc826e3ba2,0.5,0.5,0.5,"[0.25,0.25,0.25,0.25]"
case_4442a15e121f877a8d18,0.5,0.5,0.5,"[0.25,0.25,0.25,0.25]"
case_32e613a28741925afcc4,0.5,0.5,0.5,"[0.25,0.25,0.25,0.25]"
case_a64a4894d542b22007c3,0.5,0.5,0.5,"[0.25,0.25,0.25,0.25]"
case_00bd68b0622f8b2215ea,0.5,0.5,0.5,"[0.25,0.25,0.25,0.25]"
case_47a1ae76962f951f8307,0.5,0.5,0.5,"[0.25,0.25,0.25,0.25]"
case_84d1a297671280253ba5,0.5,0.5,0.5,"[0.25,0.25,0.25,0.25]"
case_fac8f82f2045ef5607ae,0.5,0.5,0.5,"[0.25,0.25,0.25,0.25]"
case_3b28442d6755493e5459,0.5,0.5,0.5,"[0.25,0.25,0.25,0.25]"
case_3171e941071d745c6a40,0.5,0.5,0.5,"[0.25,0.25,0.25,0.25]"
case_4051f4c1dde024955fe8,0.5,0.5,0.5,"[0.25,0.25,0.25,0.25]"
case_6c2b99a4055be3ad845d,0.5,0.5,0.5,"[0.25,0.25,0.25,0.25]"
case_ea8a704e17b22086e039,0.5,0.5,0.5,"[0.25,0.25,0.25,0.25]"
case_361c86101d98b7658d79,0.5,0.5,0.5,"[0.25,0.25,0.25,0.25]"
case_d5cec420e82227fc9744,0.5,0.5,0.5,"[0.25,0.25,0.25,0.25]"
case_abd7a16c9151cd544fc5,0.5,0.5,0.5,"[0.25,0.25,0.25,0.25]"
case_613a2d605e2a50babc1e,0.5,0.5,0.5,"[0.25,0.25,0.25,0.25]"
case_6aeceda4e1e3d64b77ee,0.5,0.5,0.5,"[0.25,0.25,0.25,0.25]"
case_2c712127fd90622f4156,0.5,0.5,0.5,"[0.25,0.25,0.25,0.25]"
case_0fca949aae7d11583edf,0.5,0.5,0.5,"[0.25,0.25,0.25,0.25]"
case_391bbd8f0f1f577d3abc,0.5,0.5,0.5,"[0.25,0.25,0.25,0.25]"
case_52bccde3999ac1c2b1a4,0.5,0.5,0.5,"[0.25,0.25,0.25,0.25]"
case_064de3632eeb9fac7e8c,0.5,0.5,0.5,"[0.25,0.25,0.25,0.25]"
case_f995b520920ebcb072c7,0.5,0.5,0.5,"[0.25,0.25,0.25,0.25]"
case_a8e4c2ac6cd57cb6fdb5,0.5,0.5,0.5,"[0.25,0.25,0.25,0.25]"
case_e83141c1300b2492bc5f,0.5,0.5,0.5,"[0.25,0.25,0.25,0.25]"
case_ac2f2841a250abf52ee3,0.5,0.5,0.5,"[0.25,0.25,0.25,0.25]"
case_dd3f3465ff23ce76ec97,0.5,0.5,0.5,"[0.25,0.25,0.25,0.25]"
case_681efb801570a479c4e4,0.5,0.5,0.5,"[0.25,0.25,0.25,0.25]"
case_04297bdf0916e75fc4b5,0.5,0.5,0.5,"[0.25,0.25,0.25,0.25]"
case_8c914a7bafdf73e6f2cb,0.5,0.5,0.5,"[0.25,0.25,0.25,0.25]"
case_7c1b404155e1db3680c6,0.5,0.5,0.5,"[0.25,0.25,0.25,0.25]"
case_b0ea16b81b14f657e51e,0.5,0.5,0.5,"[0.25,0.25,0.25,0.25]"
case_3e66169801c1aab633d5,0.5,0.5,0.5,"[0.25,0.25,0.25,0.25]"
case_8e6528665166d6d3a600,0.5,0.5,0.5,"[0.25,0.25,0.25,0.25]"
case_ef343b5afc916536ed35,0.5,0.5,0.5,"[0.25,0.25,0.25,0.25]"
case_e46e6c0a6e73187bb39d,0.5,0.5,0.5,"[0.25,0.25,0.25,0.25]"
case_3955be0d8e2154368778,0.5,0.5,0.5,"[0.25,0.25,0.25,0.25]"
case_acf6b288e7696715c2da,0.5,0.5,0.5,"[0.25,0.25,0.25,0.25]"
case_5c060a5b51294229b854,0.5,0.5,0.5,"[0.25,0.25,0.25,0.25]"
case_d9cabac9cb2fee7d74fa,0.5,0.5,0.5,"[0.25,0.25,0.25,0.25]"
case_a9d161489f5efa29d2c9,0.5,0.5,0.5,"[0.25,0.25,0.25,0.25]"
case_4bc9b2e96f8c79790a10,0.5,0.5,0.5,"[0.25,0.25,0.25,0.25]"
case_f38581f3db75e3719eff,0.5,0.5,0.5,"[0.25,0.25,0.25,0.25]"
case_483bd666b1d4910b3481,0.5,0.5,0.5,"[0.25,0.25,0.25,0.25]"
case_a47430099d07293602e0,0.5,0.5,0.5,"[0.25,0.25,0.25,0.25]"
case_bb03f187187e6631a9b6,0.5,0.5,0.5,"[0.25,0.25,0.25,0.25]"
case_764cb0a3b85a09445a1b,0.5,0.5,0.5,"[0.25,0.25,0.25,0.25]"
case_7b4710f1b9d241a08820,0.5,0.5,0.5,"[0.25,0.25,0.25,0.25]"
case_ac51c125f57a18825e78,0.5,0.5,0.5,"[0.25,0.25,0.25,0.25]"
case_7a746770d65c9df5a696,0.5,0.5,0.5,"[0.25,0.25,0.25,0.25]"
case_9b5dd33776f8d347ddaf,0.5,0.5,0.5,"[0.25,0.25,0.25,0.25]"
case_4df873d71e3b0099622d,0.5,0.5,0.5,"[0.25,0.25,0.25,0.25]"
case_301d3d427312275aa63b,0.5,0.5,0.5,"[0.25,0.25,0.25,0.25]"
case_a33ce25d5ea36cc41b7d,0.5,0.5,0.5,"[0.25,0.25,0.25,0.25]"
case_8bfe5b7fc008eb180600,0.5,0.5,0.5,"[0.25,0.25,0.25,0.25]"
case_719616a7262994030e27,0.5,0.5,0.5,"[0.25,0.25,0.25,0.25]"
case_f09f4a3d2e90541383dd,0.5,0.5,0.5,"[0.25,0.25,0.25,0.25]"
case_d19e3c4f4e7025034227,0.5,0.5,0.5,"[0.25,0.25,0.25,0.25]"
case_cc68bdad7767fbda5c0d,0.5,0.5,0.5,"[0.25,0.25,0.25,0.25]"
case_30c523c856d425aa73c9,0.5,0.5,0.5,"[0.25,0.25,0.25,0.25]"
case_239ceab9c35090d27270,0.5,0.5,0.5,"[0.25,0.25,0.25,0.25]"
case_f854d3b5f52ec303ca34,0.5,0.5,0.5,"[0.25,0.25,0.25,0.25]"
case_44239306b41ba2d4dd04,0.5,0.5,0.5,"[0.25,0.25,0.25,0.25]"
case_c18b8b33f609eb46ff8e,0.5,0.5,0.5,"[0.25,0.25,0.25,0.25]"
case_2696378885d6d84bc17d,0.5,0.5,0.5,"[0.25,0.25,0.25,0.25]"
case_34bc7d5dbb48aed2b336,0.5,0.5,0.5,"[0.25,0.25,0.25,0.25]"
case_8b98bb2a160734957b63,0.5,0.5,0.5,"[0.25,0.25,0.25,0.25]"
case_025e6534fce3a31f2c78,0.5,0.5,0.5,"[0.25,0.25,0.25,0.25]"
case_8a3c4f4054db58cfb9a0,0.5,0.5,0.5,"[0.25,0.25,0.25,0.25]"
case_70a3d198681eca422894,0.5,0.5,0.5,"[0.25,0.25,0.25,0.25]"
case_31b4f3e1d9b5f6bfe077,0.5,0.5,0.5,"[0.25,0.25,0.25,0.25]"
case_2291299da96248d209af,0.5,0.5,0.5,"[0.25,0.25,0.25,0.25]"
case_0aa7d669aa478fdee42d,0.5,0.5,0.5,"[0.25,0.25,0.25,0.25]"
case_6cf8cf41bf55810af3c2,0.5,0.5,0.5,"[0.25,0.25,0.25,0.25]"
case_b4c62b42908b3221915a,0.5,0.5,0.5,"[0.25,0.25,0.25,0.25]"
case_58ef3f10cbacbb143e6a,0.5,0.5,0.5,"[0.25,0.25,0.25,0.25]"
case_f27453ef2b11a0479075,0.5,0.5,0.5,"[0.25,0.25,0.25,0.25]"
case_d5c94925523020086326,0.5,0.5,0.5,"[0.25,0.25,0.25,0.25]"
case_b9da7db7a66e439320c8,0.5,0.5,0.5,"[0.25,0.25,0.25,0.25]"
case_edfe8787ee006600f1ee,0.5,0.5,0.5,"[0.25,0.25,0.25,0.25]"
case_9de300cabfafdd31d5df,0.5,0.5,0.5,"[0.25,0.25,0.25,0.25]"
case_5f1cdec221dc7f03058a,0.5,0.5,0.5,"[0.25,0.25,0.25,0.25]"
case_e64f0dd4c1d9cab22d52,0.5,0.5,0.5,"[0.25,0.25,0.25,0.25]"
case_0e45b2d6c54fd782b70d,0.5,0.5,0.5,"[0.25,0.25,0.25,0.25]"
case_8c292d43cbc5f067b46e,0.5,0.5,0.5,"[0.25,0.25,0.25,0.25]"
case_8cdb9249c8f437007802,0.5,0.5,0.5,"[0.25,0.25,0.25,0.25]"
case_39ebb78abab9c1ca071c,0.5,0.5,0.5,"[0.25,0.25,0.25,0.25]"
case_808df6441ccb84b489e9,0.5,0.5,0.5,"[0.25,0.25,0.25,0.25]"
case_a43e0fb0d8fc11f9c661,0.5,0.5,0.5,"[0.25,0.25,0.25,0.25]"
case_1dc215e75c292310ee78,0.5,0.5,0.5,"[0.25,0.25,0.25,0.25]"
case_021d3c319acb3d38d5a9,0.5,0.5,0.5,"[0.25,0.25,0.25,0.25]"
case_9de720e2b0492b369880,0.5,0.5,0.5,"[0.25,0.25,0.25,0.25]"
case_a1cc820931786834ccc1,0.5,0.5,0.5,"[0.25,0.25,0.25,0.25]"
case_f9ed79c787faadeec4e6,0.5,0.5,0.5,"[0.25,0.25,0.25,0.25]"
case_5905fe20765f4e0342c0,0.5,0.5,0.5,"[0.25,0.25,0.25,0.25]"
case_8137cec2c77c5a037fe8,0.5,0.5,0.5,"[0.25,0.25,0.25,0.25]"
case_a4638bb7a263114fecfa,0.5,0.5,0.5,"[0.25,0.25,0.25,0.25]"
case_208e4e853f6c9c6b2596,0.5,0.5,0.5,"[0.25,0.25,0.25,0.25]"
case_7c1f2cfdd0edfa5c167d,0.5,0.5,0.5,"[0.25,0.25,0.25,0.25]"
case_757a258bd220b6be17e5,0.5,0.5,0.5,"[0.25,0.25,0.25,0.25]"
case_b252c4cd4c60c46b89f6,0.5,0.5,0.5,"[0.25,0.25,0.25,0.25]"
case_d133f1f81a20431d2837,0.5,0.5,0.5,"[0.25,0.25,0.25,0.25]"
case_b85869d2d77a0a9b7399,0.5,0.5,0.5,"[0.25,0.25,0.25,0.25]"
case_746051e2f3c31d868ea8,0.5,0.5,0.5,"[0.25,0.25,0.25,0.25]"
case_2eaad21d234ec7b2c7fc,0.5,0.5,0.5,"[0.25,0.25,0.25,0.25]"
case_5beec62dd191a09de5e1,0.5,0.5,0.5,"[0.25,0.25,0.25,0.25]"
case_da273b44dda88528c58c,0.5,0.5,0.5,"[0.25,0.25,0.25,0.25]"
case_40e848afd9308c9468bc,0.5,0.5,0.5,"[0.25,0.25,0.25,0.25]"
case_a1bedeb3225a87cbdac9,0.5,0.5,0.5,"[0.25,0.25,0.25,0.25]"
case_2ffe9806985bf59f85a7,0.5,0.5,0.5,"[0.25,0.25,0.25,0.25]"
case_648d5a5b8c26b91414a6,0.5,0.5,0.5,"[0.25,0.25,0.25,0.25]"
case_058b29af700a43992fa6,0.5,0.5,0.5,"[0.25,0.25,0.25,0.25]"
case_59535334acc68d710ce9,0.5,0.5,0.5,"[0.25,0.25,0.25,0.25]"
case_7c13a4aeb7fa7e61bd3e,0.5,0.5,0.5,"[0.25,0.25,0.25,0.25]"
case_ec4455f40b741f06de06,0.5,0.5,0.5,"[0.25,0.25,0.25,0.25]"
case_f8e7b124827b7e456e42,0.5,0.5,0.5,"[0.25,0.25,0.25,0.25]"
case_f47f85dbe6db451cf9e7,0.5,0.5,0.5,"[0.25,0.25,0.25,0.25]"
case_37d886274d4e40f8fac0,0.5,0.5,0.5,"[0.25,0.25,0.25,0.25]"
case_88b2737aba2408c30453,0.5,0.5,0.5,"[0.25,0.25,0.25,0.25]"
case_fb350291f0d22590fa0a,0.5,0.5,0.5,"[0.25,0.25,0.25,0.25]"
case_6676bab1c926f4814f7c,0.5,0.5,0.5,"[0.25,0.25,0.25,0.25]"
case_af1e16ae61c224f10ef2,0.5,0.5,0.5,"[0.25,0.25,0.25,0.25]"
case_d82c9577ca4b9d9c09e7,0.5,0.5,0.5,"[0.25,0.25,0.25,0.25]"
case_1d527760ae315df1910c,0.5,0.5,0.5,"[0.25,0.25,0.25,0.25]"
case_7fc5eb6bb43e68655ba3,0.5,0.5,0.5,"[0.25,0.25,0.25,0.25]"
case_f3a1ae16bb1feb23911b,0.5,0.5,0.5,"[0.25,0.25,0.25,0.25]"
case_39e72cbb4b3a81227685,0.5,0.5,0.5,"[0.25,0.25,0.25,0.25]"
case_553f03f19994d5ee1cd4,0.5,0.5,0.5,"[0.25,0.25,0.25,0.25]"
case_4ad8b069ab022dad8aa6,0.5,0.5,0.5,"[0.25,0.25,0.25,0.25]"
case_d16b8caf9885d9bad0a2,0.5,0.5,0.5,"[0.25,0.25,0.25,0.25]"
case_617a21bb8687a2bd8c17,0.5,0.5,0.5,"[0.25,0.25,0.25,0.25]"
case_1bcd51c7adb14c69e940,0.5,0.5,0.5,"[0.25,0.25,0.25,0.25]"
case_f23d68ff2c994fea214c,0.5,0.5,0.5,"[0.25,0.25,0.25,0.25]"
case_f19bd3a88b1e30720ce7,0.5,0.5,0.5,"[0.25,0.25,0.25,0.25]"
case_3ea719ef1cd4bbeadfe7,0.5,0.5,0.5,"[0.25,0.25,0.25,0.25]"
case_fdc9ee103a4311e66955,0.5,0.5,0.5,"[0.25,0.25,0.25,0.25]"
case_8a5de5c002331e53bc4e,0.5,0.5,0.5,"[0.25,0.25,0.25,0.25]"
case_4ef4b5738aae253edcda,0.5,0.5,0.5,"[0.25,0.25,0.25,0.25]"
case_706ad86a071b3d03d5c5,0.5,0.5,0.5,"[0.25,0.25,0.25,0.25]"
case_a47cbf3042bdbf0a5bd8,0.5,0.5,0.5,"[0.25,0.25,0.25,0.25]"
case_fbc098d34dd78b5a96ca,0.5,0.5,0.5,"[0.25,0.25,0.25,0.25]"
case_71edaddcb78cc15e79a3,0.5,0.5,0.5,"[0.25,0.25,0.25,0.25]"
case_a1d6a1d8df5c0258160b,0.5,0.5,0.5,"[0.25,0.25,0.25,0.25]"
case_49bafa8f8012b8a0aeac,0.5,0.5,0.5,"[0.25,0.25,0.25,0.25]"
case_654c1759f41d8bf856f0,0.5,0.5,0.5,"[0.25,0.25,0.25,0.25]"
case_119cbb2d05e3d9342623,0.5,0.5,0.5,"[0.25,0.25,0.25,0.25]"
case_38edbf39e85bd8c7c692,0.5,0.5,0.5,"[0.25,0.25,0.25,0.25]"
case_f7470da9c12607384dfe,0.5,0.5,0.5,"[0.25,0.25,0.25,0.25]"
case_690daecdc613929f4448,0.5,0.5,0.5,"[0.25,0.25,0.25,0.25]"
case_10869fd7e7c63fb2db6b,0.5,0.5,0.5,"[0.25,0.25,0.25,0.25]"
case_176a4b7711e8a6bb25ea,0.5,0.5,0.5,"[0.25,0.25,0.25,0.25]"
case_c6c5537fb8f75f2cc6e3,0.5,0.5,0.5,"[0.25,0.25,0.25,0.25]"
case_f4ff615ec2ca061ab055,0.5,0.5,0.5,"[0.25,0.25,0.25,0.25]"
case_90bef31b79ca6a9f67bc,0.5,0.5,0.5,"[0.25,0.25,0.25,0.25]"
case_db7fe86f18650b025160,0.5,0.5,0.5,"[0.25,0.25,0.25,0.25]"
case_309b8db591db1361f6be,0.5,0.5,0.5,"[0.25,0.25,0.25,0.25]"
case_905a0a9eb1d0da76429b,0.5,0.5,0.5,"[0.25,0.25,0.25,0.25]"
case_b9d4312265e00b7dad5b,0.5,0.5,0.5,"[0.25,0.25,0.25,0.25]"
case_4ab7108b86ac890d677e,0.5,0.5,0.5,"[0.25,0.25,0.25,0.25]"
case_56ec5e56b0a460051c38,0.5,0.5,0.5,"[0.25,0.25,0.25,0.25]"
case_02aa1700baca77c3d2e4,0.5,0.5,0.5,"[0.25,0.25,0.25,0.25]"
case_aca2f9b2b2be88548e6a,0.5,0.5,0.5,"[0.25,0.25,0.25,0.25]"
case_50e10404b7ef230f81ba,0.5,0.5,0.5,"[0.25,0.25,0.25,0.25]"
case_5cff3b983ae6bd46d74a,0.5,0.5,0.5,"[0.25,0.25,0.25,0.25]"
case_3425ec292d6bd5769d5e,0.5,0.5,0.5,"[0.25,0.25,0.25,0.25]"
case_4131791a821e5b8e5ad9,0.5,0.5,0.5,"[0.25,0.25,0.25,0.25]"
case_7b7c55271028678459a3,0.5,0.5,0.5,"[0.25,0.25,0.25,0.25]"
case_82df32d9994f5c3b4ff8,0.5,0.5,0.5,"[0.25,0.25,0.25,0.25]"
case_1331b765186a50b9c37d,0.5,0.5,0.5,"[0.25,0.25,0.25,0.25]"
case_c9db49c31e42c708000a,0.5,0.5,0.5,"[0.25,0.25,0.25,0.25]"
case_335429c81d948c6f7d07,0.5,0.5,0.5,"[0.25,0.25,0.25,0.25]"
case_fcc2d1951c41db990c13,0.5,0.5,0.5,"[0.25,0.25,0.25,0.25]"
case_935a59d82244242d2ec9,0.5,0.5,0.5,"[0.25,0.25,0.25,0.25]"
case_54b3d451846c322280f3,0.5,0.5,0.5,"[0.25,0.25,0.25,0.25]"
case_f0392de0b5f7fcfe9b5b,0.5,0.5,0.5,"[0.25,0.25,0.25,0.25]"
case_42ab60399c7ac0bfbea7,0.5,0.5,0.5,"[0.25,0.25,0.25,0.25]"
case_d0ee885aef7938017873,0.5,0.5,0.5,"[0.25,0.25,0.25,0.25]"
case_02c9e7610c313f3410fc,0.5,0.5,0.5,"[0.25,0.25,0.25,0.25]"
case_9ba4bbcf6f9afea19701,0.5,0.5,0.5,"[0.25,0.25,0.25,0.25]"
case_f23bfbbe3134402ff741,0.5,0.5,0.5,"[0.25,0.25,0.25,0.25]"
case_09fbf9be7253686493bb,0.5,0.5,0.5,"[0.25,0.25,0.25,0.25]"
case_22405417a1d2677d2acb,0.5,0.5,0.5,"[0.25,0.25,0.25,0.25]"
case_a2b1ca1441d3322c3161,0.5,0.5,0.5,"[0.25,0.25,0.25,0.25]"
case_6188676ad2a0aa024f9e,0.5,0.5,0.5,"[0.25,0.25,0.25,0.25]"
case_de52bb8d08317abaa71c,0.5,0.5,0.5,"[0.25,0.25,0.25,0.25]"
case_d86ec5c051147eaa8487,0.5,0.5,0.5,"[0.25,0.25,0.25,0.25]"
case_ff052d015e3f1e7c67a8,0.5,0.5,0.5,"[0.25,0.25,0.25,0.25]"
case_3c4bf00fc58923d70212,0.5,0.5,0.5,"[0.25,0.25,0.25,0.25]"
case_a44e1d6dd704e15f8d2d,0.5,0.5,0.5,"[0.25,0.25,0.25,0.25]"
case_e802204ca7fbc77a0ee3,0.5,0.5,0.5,"[0.25,0.25,0.25,0.25]"
case_5bce7a83b3244e139100,0.5,0.5,0.5,"[0.25,0.25,0.25,0.25]"
case_43aa3013afcdc44923a2,0.5,0.5,0.5,"[0.25,0.25,0.25,0.25]"
case_864261955a65903cc925,0.5,0.5,0.5,"[0.25,0.25,0.25,0.25]"
case_4be1026a81244acb004c,0.5,0.5,0.5,"[0.25,0.25,0.25,0.25]"
case_18cb62870424afb937c1,0.5,0.5,0.5,"[0.25,0.25,0.25,0.25]"
case_5061a4a5d8c7abc6cd79,0.5,0.5,0.5,"[0.25,0.25,0.25,0.25]"
case_1e60e446e91760b621d6,0.5,0.5,0.5,"[0.25,0.25,0.25,0.25]"
case_c77aa3f9181ba9b8a89a,0.5,0.5,0.5,"[0.25,0.25,0.25,0.25]"
case_a408661b338ab3e3d144,0.5,0.5,0.5,"[0.25,0.25,0.25,0.25]"
case_cb4b2b54bb7a07a70854,0.5,0.5,0.5,"[0.25,0.25,0.25,0.25]"
case_72c3690eae51c0503572,0.5,0.5,0.5,"[0.25,0.25,0.25,0.25]"
case_6574eb5343f6ed4df347,0.5,0.5,0.5,"[0.25,0.25,0.25,0.25]"
case_b9bf67e8e7c71b1cb98e,0.5,0.5,0.5,"[0.25,0.25,0.25,0.25]"
case_e9dc05f79658c04a4e97,0.5,0.5,0.5,"[0.25,0.25,0.25,0.25]"
case_e34d4376277ffd79911a,0.5,0.5,0.5,"[0.25,0.25,0.25,0.25]"
case_c6eefed53e81afb38d71,0.5,0.5,0.5,"[0.25,0.25,0.25,0.25]"
case_87e92c29237aaee696b7,0.5,0.5,0.5,"[0.25,0.25,0.25,0.25]"
case_ce6bbc382fe1acf8e630,0.5,0.5,0.5,"[0.25,0.25,0.25,0.25]"
case_087e033825335ee552f9,0.5,0.5,0.5,"[0.25,0.25,0.25,0.25]"
case_55d171084d7f5553b7e8,0.5,0.5,0.5,"[0.25,0.25,0.25,0.25]"
case_f6ce177778c867f0d9b3,0.5,0.5,0.5,"[0.25,0.25,0.25,0.25]"
case_5764e0e009ba7096452b,0.5,0.5,0.5,"[0.25,0.25,0.25,0.25]"
case_15da52a4ff06d512443f,0.5,0.5,0.5,"[0.25,0.25,0.25,0.25]"
case_1e8c75a10a3a5d1d13b9,0.5,0.5,0.5,"[0.25,0.25,0.25,0.25]"
case_44b2f025bb1e496b13c8,0.5,0.5,0.5,"[0.25,0.25,0.25,0.25]"
case_675520be87c211154f29,0.5,0.5,0.5,"[0.25,0.25,0.25,0.25]"
case_f3d7b4b5a354776f287f,0.5,0.5,0.5,"[0.25,0.25,0.25,0.25]"
case_6efe2159a3844828ef0c,0.5,0.5,0.5,"[0.25,0.25,0.25,0.25]"
case_444716e44ebf499a96b0,0.5,0.5,0.5,"[0.25,0.25,0.25,0.25]"
case_d17bd10720a6bf0712a2,0.5,0.5,0.5,"[0.25,0.25,0.25,0.25]"
case_c5130f6f3d7462afa8c6,0.5,0.5,0.5,"[0.25,0.25,0.25,0.25]"
case_b364297a853f4435ed63,0.5,0.5,0.5,"[0.25,0.25,0.25,0.25]"
case_8b02071c00b5e40981aa,0.5,0.5,0.5,"[0.25,0.25,0.25,0.25]"
case_1eb68afacd16fbb8d090,0.5,0.5,0.5,"[0.25,0.25,0.25,0.25]"
case_ad8add65b666ee2a3036,0.5,0.5,0.5,"[0.25,0.25,0.25,0.25]"
case_b1c95b678b9e75d0efd3,0.5,0.5,0.5,"[0.25,0.25,0.25,0.25]"
case_1e03f89f7e9ef082576f,0.5,0.5,0.5,"[0.25,0.25,0.25,0.25]"
case_806af362bca201fc43c2,0.5,0.5,0.5,"[0.25,0.25,0.25,0.25]"
case_392b51d286fc55aec97c,0.5,0.5,0.5,"[0.25,0.25,0.25,0.25]"
case_9801ed28708f7ab0dcc1,0.5,0.5,0.5,"[0.25,0.25,0.25,0.25]"
case_f59083132894c1fcde07,0.5,0.5,0.5,"[0.25,0.25,0.25,0.25]"
case_ac9cf49047680a03811d,0.5,0.5,0.5,"[0.25,0.25,0.25,0.25]"
case_7617eea8a167e248d7ba,0.5,0.5,0.5,"[0.25,0.25,0.25,0.25]"
case_fbda05e1e0688ebd269a,0.5,0.5,0.5,"[0.25,0.25,0.25,0.25]"
case_54ae689533a88ebafd27,0.5,0.5,0.5,"[0.25,0.25,0.25,0.25]"
case_f00030aa380931580ef2,0.5,0.5,0.5,"[0.25,0.25,0.25,0.25]"
case_369da7746145124cc8b0,0.5,0.5,0.5,"[0.25,0.25,0.25,0.25]"
case_cc24ee17c97e0d72108d,0.5,0.5,0.5,"[0.25,0.25,0.25,0.25]"
case_8aaef557e60ca2c99fe7,0.5,0.5,0.5,"[0.25,0.25,0.25,0.25]"
case_4b947aa1025c61016861,0.5,0.5,0.5,"[0.25,0.25,0.25,0.25]"
case_045108d90ed66e2528bb,0.5,0.5,0.5,"[0.25,0.25,0.25,0.25]"
case_d0af4a74b52c8e09dbad,0.5,0.5,0.5,"[0.25,0.25,0.25,0.25]"
case_e00e31d1a0744692c2f0,0.5,0.5,0.5,"[0.25,0.25,0.25,0.25]"
case_f22ec45ff52c1b413ac9,0.5,0.5,0.5,"[0.25,0.25,0.25,0.25]"
case_f36e7be7517e935c71ef,0.5,0.5,0.5,"[0.25,0.25,0.25,0.25]"
case_739fe5d533be0112bc3d,0.5,0.5,0.5,"[0.25,0.25,0.25,0.25]"
case_3b7c6d2496a59c8f6450,0.5,0.5,0.5,"[0.25,0.25,0.25,0.25]"
case_a92f0929be5ea74d449e,0.5,0.5,0.5,"[0.25,0.25,0.25,0.25]"
case_220c52a51604c2c0c466,0.5,0.5,0.5,"[0.25,0.25,0.25,0.25]"
case_100563e03bec7b85ee9f,0.5,0.5,0.5,"[0.25,0.25,0.25,0.25]"
case_df3657f16a44d8cc807a,0.5,0.5,0.5,"[0.25,0.25,0.25,0.25]"
case_38f684c2da6e92b12da1,0.5,0.5,0.5,"[0.25,0.25,0.25,0.25]"
case_4e415174a3e164d56fbb,0.5,0.5,0.5,"[0.25,0.25,0.25,0.25]"
case_d29860eca1688add0ed0,0.5,0.5,0.5,"[0.25,0.25,0.25,0.25]"
case_f209555561dd025c4934,0.5,0.5,0.5,"[0.25,0.25,0.25,0.25]"
case_f3687317e8641f954758,0.5,0.5,0.5,"[0.25,0.25,0.25,0.25]"
case_8ba49adf16c80b4241c8,0.5,0.5,0.5,"[0.25,0.25,0.25,0.25]"
case_9f20a6053aaebd72d1da,0.5,0.5,0.5,"[0.25,0.25,0.25,0.25]"
case_a331cda97464fe7b7820,0.5,0.5,0.5,"[0.25,0.25,0.25,0.25]"
case_b23efaa8444e695b09a0,0.5,0.5,0.5,"[0.25,0.25,0.25,0.25]"
case_c243c61348e2e4e3a24e,0.5,0.5,0.5,"[0.25,0.25,0.25,0.25]"
case_ca8f3f0d7b6a2f8db5e6,0.5,0.5,0.5,"[0.25,0.25,0.25,0.25]"
case_be0ba0626f3b674ed9fd,0.5,0.5,0.5,"[0.25,0.25,0.25,0.25]"
case_d4fa7a198e1a4c5ee235,0.5,0.5,0.5,"[0.25,0.25,0.25,0.25]"
case_002ff4070e7334220c29,0.5,0.5,0.5,"[0.25,0.25,0.25,0.25]"
case_a43e8dbe7d92617cd3a7,0.5,0.5,0.5,"[0.25,0.25,0.25,0.25]"
case_0d8580dddfb1640ef678,0.5,0.5,0.5,"[0.25,0.25,0.25,0.25]"
case_983dee9d5db5b44b219d,0.5,0.5,0.5,"[0.25,0.25,0.25,0.25]"
case_9c3445c6293d1f0e95cf,0.5,0.5,0.5,"[0.25,0.25,0.25,0.25]"
case_e6a8203d52079b726dcd,0.5,0.5,0.5,"[0.25,0.25,0.25,0.25]"
case_2e675ec087716d1ed71d,0.5,0.5,0.5,"[0.25,0.25,0.25,0.25]"
case_4c8c4368bb7dd7e69d85,0.5,0.5,0.5,"[0.25,0.25,0.25,0.25]"
case_1700d6bfa4f3748041a6,0.5,0.5,0.5,"[0.25,0.25,0.25,0.25]"
case_020a1f7f094fd384c9be,0.5,0.5,0.5,"[0.25,0.25,0.25,0.25]"
case_bfd19d796966c7469655,0.5,0.5,0.5,"[0.25,0.25,0.25,0.25]"
case_04627e45f1de11ee2115,0.5,0.5,0.5,"[0.25,0.25,0.25,0.25]"
case_1b100a15d610a7bf6a90,0.5,0.5,0.5,"[0.25,0.25,0.25,0.25]"
case_5f04aea028a4dcaf001e,0.5,0.5,0.5,"[0.25,0.25,0.25,0.25]"
case_b77adea629e43d564dab,0.5,0.5,0.5,"[0.25,0.25,0.25,0.25]"
case_70bc83ab12579cae6ac0,0.5,0.5,0.5,"[0.25,0.25,0.25,0.25]"
case_77768695e339bc5f5adf,0.5,0.5,0.5,"[0.25,0.25,0.25,0.25]"
case_5a40b14465cbc240943b,0.5,0.5,0.5,"[0.25,0.25,0.25,0.25]"
case_b7799c52f0e756733b08,0.5,0.5,0.5,"[0.25,0.25,0.25,0.25]"
case_99922595da1ab3514b00,0.5,0.5,0.5,"[0.25,0.25,0.25,0.25]"
case_60cf38763a1870776591,0.5,0.5,0.5,"[0.25,0.25,0.25,0.25]"
case_9b412316eed93e94af50,0.5,0.5,0.5,"[0.25,0.25,0.25,0.25]"
case_5a5b5956abbfcc2fea5b,0.5,0.5,0.5,"[0.25,0.25,0.25,0.25]"
case_e36b3e553b3839370b32,0.5,0.5,0.5,"[0.25,0.25,0.25,0.25]"
case_980f9f859b7ba0fd22c6,0.5,0.5,0.5,"[0.25,0.25,0.25,0.25]"
case_f33d57f195c630ad679e,0.5,0.5,0.5,"[0.25,0.25,0.25,0.25]"
case_24da9b79d4702d37aa48,0.5,0.5,0.5,"[0.25,0.25,0.25,0.25]"
case_38d8801d7f25ce2bcbc7,0.5,0.5,0.5,"[0.25,0.25,0.25,0.25]"
case_c6c46124113b1fd122f3,0.5,0.5,0.5,"[0.25,0.25,0.25,0.25]"
case_c1a1c379fa56d538038b,0.5,0.5,0.5,"[0.25,0.25,0.25,0.25]"
case_1fa11dd8b08a6413a62f,0.5,0.5,0.5,"[0.25,0.25,0.25,0.25]"
case_3f3bfde563f9dae567c8,0.5,0.5,0.5,"[0.25,0.25,0.25,0.25]"
case_17081b3d00578b34fe8f,0.5,0.5,0.5,"[0.25,0.25,0.25,0.25]"
case_eac15ce2809a35063d33,0.5,0.5,0.5,"[0.25,0.25,0.25,0.25]"
case_fa9a048411902fbbac1a,0.5,0.5,0.5,"[0.25,0.25,0.25,0.25]"
case_2c03081b0cde8288e84a,0.5,0.5,0.5,"[0.25,0.25,0.25,0.25]"
case_d0b1ce7c238b4dbde01b,0.5,0.5,0.5,"[0.25,0.25,0.25,0.25]"
case_543fabb7d4f9a1ba39d1,0.5,0.5,0.5,"[0.25,0.25,0.25,0.25]"
case_9cb80e659d4f5af4dc63,0.5,0.5,0.5,"[0.25,0.25,0.25,0.25]"
case_d2921d7af22147d0a07a,0.5,0.5,0.5,"[0.25,0.25,0.25,0.25]"
case_66d6624c25326ab4f49e,0.5,0.5,0.5,"[0.25,0.25,0.25,0.25]"
case_fb682cbc59f29ff3db81,0.5,0.5,0.5,"[0.25,0.25,0.25,0.25]"
case_bb740eb2d90c9600ffbe,0.5,0.5,0.5,"[0.25,0.25,0.25,0.25]"
case_0a88ea48c3e731ccc7ab,0.5,0.5,0.5,"[0.25,0.25,0.25,0.25]"
case_055ac31c85cedf63b491,0.5,0.5,0.5,"[0.25,0.25,0.25,0.25]"
case_8bc7977c36566cfd7d97,0.5,0.5,0.5,"[0.25,0.25,0.25,0.25]"
case_56168618b711bed611bc,0.5,0.5,0.5,"[0.25,0.25,0.25,0.25]"
case_7d10c98650a26a0020af,0.5,0.5,0.5,"[0.25,0.25,0.25,0.25]"
case_6c33a1da43931fa866e2,0.5,0.5,0.5,"[0.25,0.25,0.25,0.25]"
case_b12e032ff9cd9690be67,0.5,0.5,0.5,"[0.25,0.25,0.25,0.25]"
case_7fc5590447ef0f854f52,0.5,0.5,0.5,"[0.25,0.25,0.25,0.25]"
case_b9be9b4eb942a7e2f9be,0.5,0.5,0.5,"[0.25,0.25,0.25,0.25]"
case_e1561201082ff702639c,0.5,0.5,0.5,"[0.25,0.25,0.25,0.25]"
case_7ef6cb533d258015b6dc,0.5,0.5,0.5,"[0.25,0.25,0.25,0.25]"
case_46a80eee63ee02b3d50f,0.5,0.5,0.5,"[0.25,0.25,0.25,0.25]"
case_c42ece2bfb10d80d241e,0.5,0.5,0.5,"[0.25,0.25,0.25,0.25]"
case_623fcc1be60b984859cc,0.5,0.5,0.5,"[0.25,0.25,0.25,0.25]"
case_dc1fb68d303bc1a8d4c3,0.5,0.5,0.5,"[0.25,0.25,0.25,0.25]"
case_c75944e97a887f54b28a,0.5,0.5,0.5,"[0.25,0.25,0.25,0.25]"
case_43a884dd4ead1989f597,0.5,0.5,0.5,"[0.25,0.25,0.25,0.25]"
case_9760cbc254d8cf2d6e57,0.5,0.5,0.5,"[0.25,0.25,0.25,0.25]"
case_96762b9be23cbb5e7b03,0.5,0.5,0.5,"[0.25,0.25,0.25,0.25]"
case_7afddbb2a7209139c53a,0.5,0.5,0.5,"[0.25,0.25,0.25,0.25]"
case_d9b15cde2cf1f2d379da,0.5,0.5,0.5,"[0.25,0.25,0.25,0.25]"
case_f89feca27a7337b696bd,0.5,0.5,0.5,"[0.25,0.25,0.25,0.25]"
case_8196fe0c160dab9198d9,0.5,0.5,0.5,"[0.25,0.25,0.25,0.25]"
case_1305820b4f776e999485,0.5,0.5,0.5,"[0.25,0.25,0.25,0.25]"
case_364137cb2afacab07176,0.5,0.5,0.5,"[0.25,0.25,0.25,0.25]"
case_16697a1eebffbcbbdecd,0.5,0.5,0.5,"[0.25,0.25,0.25,0.25]"
case_1932a1d0506ab908951e,0.5,0.5,0.5,"[0.25,0.25,0.25,0.25]"
case_11ff218c7394cc270566,0.5,0.5,0.5,"[0.25,0.25,0.25,0.25]"
case_7f5b67608db56fc31035,0.5,0.5,0.5,"[0.25,0.25,0.25,0.25]"
case_cd2c5d7356d8820fd250,0.5,0.5,0.5,"[0.25,0.25,0.25,0.25]"
case_5c3d1406550d645eb65a,0.5,0.5,0.5,"[0.25,0.25,0.25,0.25]"
case_a38953b907da5894efcc,0.5,0.5,0.5,"[0.25,0.25,0.25,0.25]"
case_62589176dceaaf1f9d39,0.5,0.5,0.5,"[0.25,0.25,0.25,0.25]"
case_667db2a1bfb65157d498,0.5,0.5,0.5,"[0.25,0.25,0.25,0.25]"
case_6f62d3e509ec22d1e36c,0.5,0.5,0.5,"[0.25,0.25,0.25,0.25]"
case_37a13bcda0ae3df8f70f,0.5,0.5,0.5,"[0.25,0.25,0.25,0.25]"
case_2d81b72e6066ff6caa06,0.5,0.5,0.5,"[0.25,0.25,0.25,0.25]"
case_d4608080eea2fa4e9497,0.5,0.5,0.5,"[0.25,0.25,0.25,0.25]"
case_fd4ca76c64fb8324ecd6,0.5,0.5,0.5,"[0.25,0.25,0.25,0.25]"
case_8f993e413ed0cbd3d74f,0.5,0.5,0.5,"[0.25,0.25,0.25,0.25]"
case_5aafcfb9796e59bf9a0f,0.5,0.5,0.5,"[0.25,0.25,0.25,0.25]"
case_d38fbe45615b7a8e65a2,0.5,0.5,0.5,"[0.25,0.25,0.25,0.25]"
case_3a1540e15857098d36a8,0.5,0.5,0.5,"[0.25,0.25,0.25,0.25]"
case_eb7822a03efdf07f24af,0.5,0.5,0.5,"[0.25,0.25,0.25,0.25]"
case_86fb7781e97ec55f1033,0.5,0.5,0.5,"[0.25,0.25,0.25,0.25]"
case_cd771065e8307dbee2db,0.5,0.5,0.5,"[0.25,0.25,0.25,0.25]"
case_0aadddc4715e61c9b3cd,0.5,0.5,0.5,"[0.25,0.25,0.25,0.25]"
case_8afa7a8fbb02a67d5928,0.5,0.5,0.5,"[0.25,0.25,0.25,0.25]"
case_8a08a9011553e3cf0942,0.5,0.5,0.5,"[0.25,0.25,0.25,0.25]"
case_cce18ef6ebb3ae29ae4c,0.5,0.5,0.5,"[0.25,0.25,0.25,0.25]"
case_f43c9548e3b9cff0adb5,0.5,0.5,0.5,"[0.25,0.25,0.25,0.25]"
case_eb566c5f801050ec496f,0.5,0.5,0.5,"[0.25,0.25,0.25,0.25]"
case_d36f1ac162acc37f8ac9,0.5,0.5,0.5,"[0.25,0.25,0.25,0.25]"
case_04dd0fbf79fe5ada7312,0.5,0.5,0.5,"[0.25,0.25,0.25,0.25]"
case_ba18ffaaf91508dfad04,0.5,0.5,0.5,"[0.25,0.25,0.25,0.25]"
case_3c6176e112150e091d11,0.5,0.5,0.5,"[0.25,0.25,0.25,0.25]"
case_4132a3b955cd71319419,0.5,0.5,0.5,"[0.25,0.25,0.25,0.25]"
case_905b2f99289a7d7d84d3,0.5,0.5,0.5,"[0.25,0.25,0.25,0.25]"
case_ad152b410cd07572e00e,0.5,0.5,0.5,"[0.25,0.25,0.25,0.25]"
case_ada6a2d4ce0ca92f5c0a,0.5,0.5,0.5,"[0.25,0.25,0.25,0.25]"
case_29518e8acdcbdabfd930,0.5,0.5,0.5,"[0.25,0.25,0.25,0.25]"
case_bcff72cf9338f0b55678,0.5,0.5,0.5,"[0.25,0.25,0.25,0.25]"
case_94d5b768ca50e920089e,0.5,0.5,0.5,"[0.25,0.25,0.25,0.25]"
case_7dd02335524029598d11,0.5,0.5,0.5,"[0.25,0.25,0.25,0.25]"
case_8469220e4c3b11fc5181,0.5,0.5,0.5,"[0.25,0.25,0.25,0.25]"
case_af141484683efd000d4d,0.5,0.5,0.5,"[0.25,0.25,0.25,0.25]"
case_4d29b18add106d50aba8,0.5,0.5,0.5,"[0.25,0.25,0.25,0.25]"
case_0857feec1d1d577af4c7,0.5,0.5,0.5,"[0.25,0.25,0.25,0.25]"
case_8f93ca74f4a9bcdbfe85,0.5,0.5,0.5,"[0.25,0.25,0.25,0.25]"
case_05e2c7de50bd2f639fa3,0.5,0.5,0.5,"[0.25,0.25,0.25,0.25]"
case_034a02169718f5641ff1,0.5,0.5,0.5,"[0.25,0.25,0.25,0.25]"
case_feb22afdf90b02f1548b,0.5,0.5,0.5,"[0.25,0.25,0.25,0.25]"
case_66cc65321930844c7539,0.5,0.5,0.5,"[0.25,0.25,0.25,0.25]"
case_47ca1facaf974f640418,0.5,0.5,0.5,"[0.25,0.25,0.25,0.25]"
case_8b5f65ae88e15e77ac75,0.5,0.5,0.5,"[0.25,0.25,0.25,0.25]"
case_a45306490be4dbc43de8,0.5,0.5,0.5,"[0.25,0.25,0.25,0.25]"
case_38234a1769b92c1a3df3,0.5,0.5,0.5,"[0.25,0.25,0.25,0.25]"
case_8a6ba0cbaf158c9d9478,0.5,0.5,0.5,"[0.25,0.25,0.25,0.25]"
case_e8793859750b76600ffe,0.5,0.5,0.5,"[0.25,0.25,0.25,0.25]"
case_42566593a02ddbac65ba,0.5,0.5,0.5,"[0.25,0.25,0.25,0.25]"
case_4ac1975a26ef518deb3d,0.5,0.5,0.5,"[0.25,0.25,0.25,0.25]"
case_ba97bea8184d0ad6c57e,0.5,0.5,0.5,"[0.25,0.25,0.25,0.25]"
case_fd6c847e191bf9bc6307,0.5,0.5,0.5,"[0.25,0.25,0.25,0.25]"
case_f1642d2b1895dea35b6e,0.5,0.5,0.5,"[0.25,0.25,0.25,0.25]"
case_3073271c3b23a2aa06a3,0.5,0.5,0.5,"[0.25,0.25,0.25,0.25]"
case_8c263949fdba57307824,0.5,0.5,0.5,"[0.25,0.25,0.25,0.25]"
case_a6480dcf1d20865d6904,0.5,0.5,0.5,"[0.25,0.25,0.25,0.25]"
case_dd54cfa881d5fee0870e,0.5,0.5,0.5,"[0.25,0.25,0.25,0.25]"
case_c113e2625893571c3f54,0.5,0.5,0.5,"[0.25,0.25,0.25,0.25]"
case_f0367e57a0424e550421,0.5,0.5,0.5,"[0.25,0.25,0.25,0.25]"
case_65d5010f55725c9a8b05,0.5,0.5,0.5,"[0.25,0.25,0.25,0.25]"
case_f81e4aee03dea3851510,0.5,0.5,0.5,"[0.25,0.25,0.25,0.25]"
case_cdf7ea962bd68312043f,0.5,0.5,0.5,"[0.25,0.25,0.25,0.25]"
case_ce26c1fe1caf5bfba3b8,0.5,0.5,0.5,"[0.25,0.25,0.25,0.25]"
case_e693dbc5300d67e377e4,0.5,0.5,0.5,"[0.25,0.25,0.25,0.25]"
case_0e812646d25d63c871be,0.5,0.5,0.5,"[0.25,0.25,0.25,0.25]"
case_be3fd443af96df5e707d,0.5,0.5,0.5,"[0.25,0.25,0.25,0.25]"
case_767d2ca29f5c4eb3d65a,0.5,0.5,0.5,"[0.25,0.25,0.25,0.25]"
case_17611f93d3ade7b067f1,0.5,0.5,0.5,"[0.25,0.25,0.25,0.25]"
case_831b58a3e2b092675b32,0.5,0.5,0.5,"[0.25,0.25,0.25,0.25]"
case_b26d968132c32379ef75,0.5,0.5,0.5,"[0.25,0.25,0.25,0.25]"
case_37a3c6226ca44e68d682,0.5,0.5,0.5,"[0.25,0.25,0.25,0.25]"
case_c793a4c2d69fc5f8c12b,0.5,0.5,0.5,"[0.25,0.25,0.25,0.25]"
case_88ef33c77dc757b4eb9d,0.5,0.5,0.5,"[0.25,0.25,0.25,0.25]"
case_091858df3fb8d604a412,0.5,0.5,0.5,"[0.25,0.25,0.25,0.25]"
case_2476f177c2ee7187ec44,0.5,0.5,0.5,"[0.25,0.25,0.25,0.25]"
case_39976db74d95878efb47,0.5,0.5,0.5,"[0.25,0.25,0.25,0.25]"
case_d5852d86288ed0e442fb,0.5,0.5,0.5,"[0.25,0.25,0.25,0.25]"
case_e4e3f6a9a152b72599d3,0.5,0.5,0.5,"[0.25,0.25,0.25,0.25]"
case_6f58d772906ae08e7c71,0.5,0.5,0.5,"[0.25,0.25,0.25,0.25]"
case_4941724d0523a3a526dd,0.5,0.5,0.5,"[0.25,0.25,0.25,0.25]"
case_87c3ea235501d457fd2e,0.5,0.5,0.5,"[0.25,0.25,0.25,0.25]"
case_2033b0cd11753877efc0,0.5,0.5,0.5,"[0.25,0.25,0.25,0.25]"
case_09ab4b92b1224700a267,0.5,0.5,0.5,"[0.25,0.25,0.25,0.25]"
case_8f9bdb942a3711e9794a,0.5,0.5,0.5,"[0.25,0.25,0.25,0.25]"
case_91b3f5a75e2eed6dfd7c,0.5,0.5,0.5,"[0.25,0.25,0.25,0.25]"
case_2b40c0b5d87bf485d24c,0.5,0.5,0.5,"[0.25,0.25,0.25,0.25]"
case_6f28d860301c91a92f68,0.5,0.5,0.5,"[0.25,0.25,0.25,0.25]"
case_a7c5ea3d70585ff8d72a,0.5,0.5,0.5,"[0.25,0.25,0.25,0.25]"
case_d517e1ab42f0bff74de7,0.5,0.5,0.5,"[0.25,0.25,0.25,0.25]"
case_2edbbbe55e2db3666607,0.5,0.5,0.5,"[0.25,0.25,0.25,0.25]"
case_1f3009d8bf884da3feb3,0.5,0.5,0.5,"[0.25,0.25,0.25,0.25]"
case_b1cf22724b5d5905e32f,0.5,0.5,0.5,"[0.25,0.25,0.25,0.25]"
case_28a78054abc1fdb0f1c2,0.5,0.5,0.5,"[0.25,0.25,0.25,0.25]"
case_a0afb3d3c99b7ee5f236,0.5,0.5,0.5,"[0.25,0.25,0.25,0.25]"
case_7aad0e7bf75573483411,0.5,0.5,0.5,"[0.25,0.25,0.25,0.25]"
case_f07851ce3e0118829446,0.5,0.5,0.5,"[0.25,0.25,0.25,0.25]"
case_965886c4eb0b3d2d5d0e,0.5,0.5,0.5,"[0.25,0.25,0.25,0.25]"
case_f953263673f44aff3c3a,0.5,0.5,0.5,"[0.25,0.25,0.25,0.25]"
case_e0f8bd0cb1cbe860ca50,0.5,0.5,0.5,"[0.25,0.25,0.25,0.25]"
case_801c5bd218dca592a30c,0.5,0.5,0.5,"[0.25,0.25,0.25,0.25]"
case_15e7de4ee7d764556e6b,0.5,0.5,0.5,"[0.25,0.25,0.25,0.25]"
case_5b832017798cd270fc65,0.5,0.5,0.5,"[0.25,0.25,0.25,0.25]"
case_c42c5e8a053b47fe8899,0.5,0.5,0.5,"[0.25,0.25,0.25,0.25]"
case_2825eca16c206c7f7785,0.5,0.5,0.5,"[0.25,0.25,0.25,0.25]"
case_cd539c5b01bd9afa402e,0.5,0.5,0.5,"[0.25,0.25,0.25,0.25]"
case_6a855558e2112190b982,0.5,0.5,0.5,"[0.25,0.25,0.25,0.25]"
case_26e940a3f812776d8d0d,0.5,0.5,0.5,"[0.25,0.25,0.25,0.25]"
case_3093101f33439baa0b3e,0.5,0.5,0.5,"[0.25,0.25,0.25,0.25]"
case_f24ffcfe9d3b07a10078,0.5,0.5,0.5,"[0.25,0.25,0.25,0.25]"
case_a32ca0e557120b9a39a8,0.5,0.5,0.5,"[0.25,0.25,0.25,0.25]"
case_fc4875f937c0cd1396d2,0.5,0.5,0.5,"[0.25,0.25,0.25,0.25]"
case_361747e84c09820c9abb,0.5,0.5,0.5,"[0.25,0.25,0.25,0.25]"
case_5d59a9a9e5b4a2946d7c,0.5,0.5,0.5,"[0.25,0.25,0.25,0.25]"
case_f562bfbad804706dd8cb,0.5,0.5,0.5,"[0.25,0.25,0.25,0.25]"
case_69134573a841af78a2ca,0.5,0.5,0.5,"[0.25,0.25,0.25,0.25]"
case_36d1172016c4d7178e3c,0.5,0.5,0.5,"[0.25,0.25,0.25,0.25]"
case_f73035b26ecf35c1c0e0,0.5,0.5,0.5,"[0.25,0.25,0.25,0.25]"
case_e0ffa5d2fb28ed2b41f2,0.5,0.5,0.5,"[0.25,0.25,0.25,0.25]"
case_0c1d1413420fe88f40ae,0.5,0.5,0.5,"[0.25,0.25,0.25,0.25]"
case_c37cfab13d0a5b728cdb,0.5,0.5,0.5,"[0.25,0.25,0.25,0.25]"
case_5477a7d8b7ff3356b614,0.5,0.5,0.5,"[0.25,0.25,0.25,0.25]"
case_95e3464e8ed1a2d040de,0.5,0.5,0.5,"[0.25,0.25,0.25,0.25]"
case_5a67d6a1bdfe5afd2f2e,0.5,0.5,0.5,"[0.25,0.25,0.25,0.25]"
case_95f1bbeabaf13f111f14,0.5,0.5,0.5,"[0.25,0.25,0.25,0.25]"
case_99a5e0119c33b785c45a,0.5,0.5,0.5,"[0.25,0.25,0.25,0.25]"
case_9a4f58f8cf62273a5d30,0.5,0.5,0.5,"[0.25,0.25,0.25,0.25]"
case_e49d1d28f5a09052922c,0.5,0.5,0.5,"[0.25,0.25,0.25,0.25]"
case_1b552aec1b5f31ca345f,0.5,0.5,0.5,"[0.25,0.25,0.25,0.25]"
case_5e2109031aba854f9ed9,0.5,0.5,0.5,"[0.25,0.25,0.25,0.25]"
case_fc2843bb606b5d3d3da6,0.5,0.5,0.5,"[0.25,0.25,0.25,0.25]"
case_b69db576862f53250b4a,0.5,0.5,0.5,"[0.25,0.25,0.25,0.25]"
case_02d9e1ffd34f6b06ba54,0.5,0.5,0.5,"[0.25,0.25,0.25,0.25]"
case_e9736f07551343fda276,0.5,0.5,0.5,"[0.25,0.25,0.25,0.25]"
case_755258b33c25681ed980,0.5,0.5,0.5,"[0.25,0.25,0.25,0.25]"
case_0fb11b4a559d8be1e8ce,0.5,0.5,0.5,"[0.25,0.25,0.25,0.25]"
case_1ed7d16b41911dd92303,0.5,0.5,0.5,"[0.25,0.25,0.25,0.25]"
case_ad177179b4b1bdea3295,0.5,0.5,0.5,"[0.25,0.25,0.25,0.25]"
case_0e45fb93cb32cc16367a,0.5,0.5,0.5,"[0.25,0.25,0.25,0.25]"
case_5fc6422f6cbc57f2236a,0.5,0.5,0.5,"[0.25,0.25,0.25,0.25]"
case_97e917d4b198bf58aa1d,0.5,0.5,0.5,"[0.25,0.25,0.25,0.25]"
case_9ea6b7f5d07cc325dd93,0.5,0.5,0.5,"[0.25,0.25,0.25,0.25]"
case_3ef3ff7f312bb36092f8,0.5,0.5,0.5,"[0.25,0.25,0.25,0.25]"
case_3a6cf3ceafbcc0af3c4f,0.5,0.5,0.5,"[0.25,0.25,0.25,0.25]"
case_54f4f4adc0646b012ed1,0.5,0.5,0.5,"[0.25,0.25,0.25,0.25]"
case_0ee52ef347c49f34f52f,0.5,0.5,0.5,"[0.25,0.25,0.25,0.25]"
case_c7d31cd82ac08b038137,0.5,0.5,0.5,"[0.25,0.25,0.25,0.25]"
case_2d86c0c1a854dc99770c,0.5,0.5,0.5,"[0.25,0.25,0.25,0.25]"
case_61d0957935fe03a78212,0.5,0.5,0.5,"[0.25,0.25,0.25,0.25]"
case_0f2008cd80bf316a96d0,0.5,0.5,0.5,"[0.25,0.25,0.25,0.25]"
case_031e130e23ef2c9751de,0.5,0.5,0.5,"[0.25,0.25,0.25,0.25]"
case_c30914664b4f65e22feb,0.5,0.5,0.5,"[0.25,0.25,0.25,0.25]"
case_4cb242a0e37d545d8624,0.5,0.5,0.5,"[0.25,0.25,0.25,0.25]"
case_a51e49c96189c079e01d,0.5,0.5,0.5,"[0.25,0.25,0.25,0.25]"
case_c278ed815d3ad6f2c292,0.5,0.5,0.5,"[0.25,0.25,0.25,0.25]"
case_0d8972277f3275286409,0.5,0.5,0.5,"[0.25,0.25,0.25,0.25]"
case_b6d986a00b5de55ee06f,0.5,0.5,0.5,"[0.25,0.25,0.25,0.25]"
case_3a108396382a0bc594fb,0.5,0.5,0.5,"[0.25,0.25,0.25,0.25]"
case_4c581c8693a9105b7016,0.5,0.5,0.5,"[0.25,0.25,0.25,0.25]"
case_6a2042a6606d21c2339c,0.5,0.5,0.5,"[0.25,0.25,0.25,0.25]"
case_f472d5ab6edc2cdcf178,0.5,0.5,0.5,"[0.25,0.25,0.25,0.25]"
case_ef31370a63eb18bde460,0.5,0.5,0.5,"[0.25,0.25,0.25,0.25]"
case_ed07884bf23025eff274,0.5,0.5,0.5,"[0.25,0.25,0.25,0.25]"
case_8a5c9961637ce165557f,0.5,0.5,0.5,"[0.25,0.25,0.25,0.25]"
case_8e212d39ae240d0043f3,0.5,0.5,0.5,"[0.25,0.25,0.25,0.25]"
case_36f934d78c75a0488d4f,0.5,0.5,0.5,"[0.25,0.25,0.25,0.25]"
case_ab746b4d79eb11118255,0.5,0.5,0.5,"[0.25,0.25,0.25,0.25]"
case_8a0899cd6f104de2f7aa,0.5,0.5,0.5,"[0.25,0.25,0.25,0.25]"
case_21a3202097239b8490cd,0.5,0.5,0.5,"[0.25,0.25,0.25,0.25]"
case_5383d06bd6f2e1e191a7,0.5,0.5,0.5,"[0.25,0.25,0.25,0.25]"
case_b4326ecefb7d2a9e6697,0.5,0.5,0.5,"[0.25,0.25,0.25,0.25]"
case_cdd63b0150c862025072,0.5,0.5,0.5,"[0.25,0.25,0.25,0.25]"
case_34e02cf977b12dacf773,0.5,0.5,0.5,"[0.25,0.25,0.25,0.25]"
case_ff541f1908883e2ab479,0.5,0.5,0.5,"[0.25,0.25,0.25,0.25]"
case_14a2b3fff6011ac233de,0.5,0.5,0.5,"[0.25,0.25,0.25,0.25]"
case_0081bdccda47f17415c4,0.5,0.5,0.5,"[0.25,0.25,0.25,0.25]"
case_bfa661634b7bb5f330f5,0.5,0.5,0.5,"[0.25,0.25,0.25,0.25]"
case_b12b9d0eadef4c490db8,0.5,0.5,0.5,"[0.25,0.25,0.25,0.25]"
case_66d7b25d69959b235b3b,0.5,0.5,0.5,"[0.25,0.25,0.25,0.25]"
case_a4c223080a0966c05089,0.5,0.5,0.5,"[0.25,0.25,0.25,0.25]"
case_4fbad0d64bbd4b8905c8,0.5,0.5,0.5,"[0.25,0.25,0.25,0.25]"
case_5119d2593b06fda497a5,0.5,0.5,0.5,"[0.25,0.25,0.25,0.25]"
case_19503d118fd85c1b3b8a,0.5,0.5,0.5,"[0.25,0.25,0.25,0.25]"
case_0d3c8a9a6294543b0dd0,0.5,0.5,0.5,"[0.25,0.25,0.25,0.25]"
case_6b460eec72db0dab2dae,0.5,0.5,0.5,"[0.25,0.25,0.25,0.25]"
case_4adb9bc0b1a09d2ea315,0.5,0.5,0.5,"[0.25,0.25,0.25,0.25]"
case_30b00e935d128631a4b4,0.5,0.5,0.5,"[0.25,0.25,0.25,0.25]"
case_64baed99909914634975,0.5,0.5,0.5,"[0.25,0.25,0.25,0.25]"
case_499c1434dc80bfcc9d15,0.5,0.5,0.5,"[0.25,0.25,0.25,0.25]"
case_aa6261618b325a507c33,0.5,0.5,0.5,"[0.25,0.25,0.25,0.25]"
case_2cf56ede2a7030f67f2c,0.5,0.5,0.5,"[0.25,0.25,0.25,0.25]"
case_7d9c3cfb9fd7c66b29a1,0.5,0.5,0.5,"[0.25,0.25,0.25,0.25]"
case_6635a66c59515a2b5af4,0.5,0.5,0.5,"[0.25,0.25,0.25,0.25]"
case_5e33224a72a465304a42,0.5,0.5,0.5,"[0.25,0.25,0.25,0.25]"
case_5e677a0f932d0a013dc6,0.5,0.5,0.5,"[0.25,0.25,0.25,0.25]"
case_219eda668bbbb6f7b48e,0.5,0.5,0.5,"[0.25,0.25,0.25,0.25]"
case_84ef10805b70d4270c6a,0.5,0.5,0.5,"[0.25,0.25,0.25,0.25]"
case_f1567fff963d8ba3564b,0.5,0.5,0.5,"[0.25,0.25,0.25,0.25]"
case_5421f699c71a49bd7719,0.5,0.5,0.5,"[0.25,0.25,0.25,0.25]"
case_8fab9b60aeee2109e229,0.5,0.5,0.5,"[0.25,0.25,0.25,0.25]"
case_bdff39264fe8e19a4692,0.5,0.5,0.5,"[0.25,0.25,0.25,0.25]"
case_b783cd365fc561c2907b,0.5,0.5,0.5,"[0.25,0.25,0.25,0.25]"
case_e7f17a138cabda8f22b5,0.5,0.5,0.5,"[0.25,0.25,0.25,0.25]"
case_ff6d2251a9b0db9a0a53,0.5,0.5,0.5,"[0.25,0.25,0.25,0.25]"
case_d4da733401185f829042,0.5,0.5,0.5,"[0.25,0.25,0.25,0.25]"
case_a080a163f3e75943aa90,0.5,0.5,0.5,"[0.25,0.25,0.25,0.25]"
case_2f2f9ebf4fad1fce3744,0.5,0.5,0.5,"[0.25,0.25,0.25,0.25]"
case_aa08af1ed4d0161c05df,0.5,0.5,0.5,"[0.25,0.25,0.25,0.25]"
case_2b7567fc9c1bd91b4825,0.5,0.5,0.5,"[0.25,0.25,0.25,0.25]"
case_0ef9f5ca78e46cba3719,0.5,0.5,0.5,"[0.25,0.25,0.25,0.25]"
case_880fd13bd8fbd098b471,0.5,0.5,0.5,"[0.25,0.25,0.25,0.25]"
case_49e45684622f99629e7a,0.5,0.5,0.5,"[0.25,0.25,0.25,0.25]"
case_b388b0add47454188527,0.5,0.5,0.5,"[0.25,0.25,0.25,0.25]"
case_7a9d58f4ecf47c5ec58a,0.5,0.5,0.5,"[0.25,0.25,0.25,0.25]"
case_6b3588f25119ce4df4f9,0.5,0.5,0.5,"[0.25,0.25,0.25,0.25]"
case_23800b61c0fcd17d1efc,0.5,0.5,0.5,"[0.25,0.25,0.25,0.25]"
case_a54ad8ccf21c291f279f,0.5,0.5,0.5,"[0.25,0.25,0.25,0.25]"
case_5552e91c8f9bfe39d4ba,0.5,0.5,0.5,"[0.25,0.25,0.25,0.25]"
case_18b8b69f38b9f24af33d,0.5,0.5,0.5,"[0.25,0.25,0.25,0.25]"
case_0972a6ea23231b474a4a,0.5,0.5,0.5,"[0.25,0.25,0.25,0.25]"
case_0772c81dc6625a3d99d1,0.5,0.5,0.5,"[0.25,0.25,0.25,0.25]"
case_f94e8616b5c16c0f9849,0.5,0.5,0.5,"[0.25,0.25,0.25,0.25]"
case_2c6db20eddf156204460,0.5,0.5,0.5,"[0.25,0.25,0.25,0.25]"
case_a92706ab69ce33f39cae,0.5,0.5,0.5,"[0.25,0.25,0.25,0.25]"
case_69a53a31e4b53271ea93,0.5,0.5,0.5,"[0.25,0.25,0.25,0.25]"
case_05240b83f0f4904dfc19,0.5,0.5,0.5,"[0.25,0.25,0.25,0.25]"
case_ba66fb2b80c5fdec71fd,0.5,0.5,0.5,"[0.25,0.25,0.25,0.25]"
case_3bd1091e052f24f960d6,0.5,0.5,0.5,"[0.25,0.25,0.25,0.25]"
case_08d365952f7e16a426d6,0.5,0.5,0.5,"[0.25,0.25,0.25,0.25]"
case_1860e069bdd81045b981,0.5,0.5,0.5,"[0.25,0.25,0.25,0.25]"
case_ab94f03d3f6293ea1374,0.5,0.5,0.5,"[0.25,0.25,0.25,0.25]"
case_89c8138bfaa5df3b2f5d,0.5,0.5,0.5,"[0.25,0.25,0.25,0.25]"
case_ad2594c4aa9e7070cb33,0.5,0.5,0.5,"[0.25,0.25,0.25,0.25]"
case_7c72a69b9326ef43cae5,0.5,0.5,0.5,"[0.25,0.25,0.25,0.25]"
case_b8592130feec715f4833,0.5,0.5,0.5,"[0.25,0.25,0.25,0.25]"
case_20fed67fefb5fc3ebf21,0.5,0.5,0.5,"[0.25,0.25,0.25,0.25]"
case_eef4c6f06c857574fe66,0.5,0.5,0.5,"[0.25,0.25,0.25,0.25]"
case_56855615fae83b25cb55,0.5,0.5,0.5,"[0.25,0.25,0.25,0.25]"
case_8752dc1c2e57d4b5e9fe,0.5,0.5,0.5,"[0.25,0.25,0.25,0.25]"
case_2abf8355628bacf57151,0.5,0.5,0.5,"[0.25,0.25,0.25,0.25]"
case_b0f20175f04e4d0f444f,0.5,0.5,0.5,"[0.25,0.25,0.25,0.25]"
case_989c6385062771f7efa9,0.5,0.5,0.5,"[0.25,0.25,0.25,0.25]"
case_a7b3372e46677f8620eb,0.5,0.5,0.5,"[0.25,0.25,0.25,0.25]"
case_5ff3ca949d56bbf2ece7,0.5,0.5,0.5,"[0.25,0.25,0.25,0.25]"
case_7a2ffa4375dc86ec3328,0.5,0.5,0.5,"[0.25,0.25,0.25,0.25]"
case_625698cc6d9830aae364,0.5,0.5,0.5,"[0.25,0.25,0.25,0.25]"
case_948598b44aa0a85f7f16,0.5,0.5,0.5,"[0.25,0.25,0.25,0.25]"
case_c9f83f4009662c50238a,0.5,0.5,0.5,"[0.25,0.25,0.25,0.25]"
case_4d2d216ffa3ec50c893d,0.5,0.5,0.5,"[0.25,0.25,0.25,0.25]"
case_36e128cca28d4bf0ad2c,0.5,0.5,0.5,"[0.25,0.25,0.25,0.25]"
case_3d33dcfc895d657476cb,0.5,0.5,0.5,"[0.25,0.25,0.25,0.25]"
case_1e6df4bc2b4649351a8b,0.5,0.5,0.5,"[0.25,0.25,0.25,0.25]"
case_32d1eb1715353e21bb23,0.5,0.5,0.5,"[0.25,0.25,0.25,0.25]"
case_444bef4f8b391e1f70ae,0.5,0.5,0.5,"[0.25,0.25,0.25,0.25]"
case_f3ee2e8cc59d7a20671e,0.5,0.5,0.5,"[0.25,0.25,0.25,0.25]"
case_1e6909bc471f864ea0d4,0.5,0.5,0.5,"[0.25,0.25,0.25,0.25]"
case_e2d3303e6751ad3a7d2e,0.5,0.5,0.5,"[0.25,0.25,0.25,0.25]"
case_65671f3ac06f6f0594a7,0.5,0.5,0.5,"[0.25,0.25,0.25,0.25]"
case_1f9beb5ed6a16a4b3037,0.5,0.5,0.5,"[0.25,0.25,0.25,0.25]"
case_63de8f48ae37ec04c59b,0.5,0.5,0.5,"[0.25,0.25,0.25,0.25]"
case_331eabbe47b6566ab3a5,0.5,0.5,0.5,"[0.25,0.25,0.25,0.25]"
case_d3d55431952d75b99536,0.5,0.5,0.5,"[0.25,0.25,0.25,0.25]"
case_2d67f0de06daa4c13808,0.5,0.5,0.5,"[0.25,0.25,0.25,0.25]"
case_cdca37e9c48022aa8884,0.5,0.5,0.5,"[0.25,0.25,0.25,0.25]"
case_5356e9edb2333cbfdbc2,0.5,0.5,0.5,"[0.25,0.25,0.25,0.25]"
case_cf8a8aba482224f0760d,0.5,0.5,0.5,"[0.25,0.25,0.25,0.25]"
case_c9b41836a42374f52e49,0.5,0.5,0.5,"[0.25,0.25,0.25,0.25]"
case_45b7d7aadd03c509da90,0.5,0.5,0.5,"[0.25,0.25,0.25,0.25]"
case_6398a1188edce03081af,0.5,0.5,0.5,"[0.25,0.25,0.25,0.25]"
case_6c558afffcb23de0726e,0.5,0.5,0.5,"[0.25,0.25,0.25,0.25]"
case_ae193916a3b5bd71ab0b,0.5,0.5,0.5,"[0.25,0.25,0.25,0.25]"
case_6acd26a2ff42e2e4f908,0.5,0.5,0.5,"[0.25,0.25,0.25,0.25]"
case_c686d91b3df227a3bfb9,0.5,0.5,0.5,"[0.25,0.25,0.25,0.25]"
case_f16119035afd389229c0,0.5,0.5,0.5,"[0.25,0.25,0.25,0.25]"
case_03fbd2cded49a57f48ba,0.5,0.5,0.5,"[0.25,0.25,0.25,0.25]"
case_d706b6c27c83e24e4bd9,0.5,0.5,0.5,"[0.25,0.25,0.25,0.25]"
case_b077884b5d013e288dcb,0.5,0.5,0.5,"[0.25,0.25,0.25,0.25]"
case_dc66b0abca91cc357a2c,0.5,0.5,0.5,"[0.25,0.25,0.25,0.25]"
case_a0f0b1d481247ebb5253,0.5,0.5,0.5,"[0.25,0.25,0.25,0.25]"
case_78236dc4e71280cda005,0.5,0.5,0.5,"[0.25,0.25,0.25,0.25]"
case_4810c54a94c38ccc4f2d,0.5,0.5,0.5,"[0.25,0.25,0.25,0.25]"
case_594f64bdf4c1a3641b69,0.5,0.5,0.5,"[0.25,0.25,0.25,0.25]"
case_5127615c5ccfa87a59b8,0.5,0.5,0.5,"[0.25,0.25,0.25,0.25]"
case_c4e11742445a08491502,0.5,0.5,0.5,"[0.25,0.25,0.25,0.25]"
case_a90e3d05c4b95f926e88,0.5,0.5,0.5,"[0.25,0.25,0.25,0.25]"
case_b944343fc9e2052b426c,0.5,0.5,0.5,"[0.25,0.25,0.25,0.25]"
case_54970a33752f73ba9a6a,0.5,0.5,0.5,"[0.25,0.25,0.25,0.25]"
case_5be26c221c36c5e0adb9,0.5,0.5,0.5,"[0.25,0.25,0.25,0.25]"
case_434bd13172b839b8cc28,0.5,0.5,0.5,"[0.25,0.25,0.25,0.25]"
case_20e6a6243fcd299f2b67,0.5,0.5,0.5,"[0.25,0.25,0.25,0.25]"
case_7fe1bb1476f90e4064a6,0.5,0.5,0.5,"[0.25,0.25,0.25,0.25]"
case_bc3a697651b742d525ce,0.5,0.5,0.5,"[0.25,0.25,0.25,0.25]"
case_93bb6fe7521f1b3be376,0.5,0.5,0.5,"[0.25,0.25,0.25,0.25]"
